,beta_t,t_crit,base_surv
0,0.016680310873841322,12.498487439650987,-1.2577796354001505
1,0.20994349135625448,13.040496345957473,-1.0770084074868165
2,0.0155515809867263,12.122005577647377,-1.2770783909570942
3,0.010476437488997507,11.138019857812846,-1.1216908309121616
4,0.050917744142336824,12.564500901090572,-1.2990045279074431
5,0.027330070630420013,12.23206998993153,-1.5399250842497705
6,0.012750527050155332,10.047989459362338,-0.3153144057422891
7,0.015572340329320096,12.038315279793036,-1.2456585018649846
8,0.03159740945700138,12.319006370083413,-1.0517275996176105
9,0.17871834896452554,13.116503926333735,-1.4364123028458864
10,0.11421589491621473,13.049472876917523,-1.3473334861850867
11,0.07404448640267769,13.049512395629371,-1.459789492990911
12,0.04183859417066237,12.30105816167436,-1.3623428551056231
13,0.03390885265520019,12.12192614570991,-1.2422150636087794
14,0.014073200369792536,11.799957935287363,-1.2506964314406994
15,0.017826292273483188,11.837034748494641,-1.4967653776824839
16,5.456980342877863,13.743499998975505,-1.2852988423616505
17,0.07122419057166116,13.020013335928962,-1.4235388569374259
18,0.031536086598879826,12.23882519291464,-1.3910551375600857
19,0.03732249980390079,13.04949196022103,-1.4060207660042368
20,0.01906889157965238,11.475597344350765,-1.2434275540190107
21,0.032430253809557746,12.365375376931631,-1.4175403026505295
22,0.09831198164116586,13.015004604931608,-1.1842849019519939
23,25.580106867298465,14.24384785747425,-1.4377730702737885
24,0.09049533442665958,13.013037442599746,-1.2602429376371456
25,0.015033537424593887,11.1955134849713,-1.0370671253195274
26,0.10269370371267404,13.022992463121756,-1.145319598085747
27,0.029697519165250166,12.18451178428403,-1.3116589148171927
28,0.05176721016142878,12.461480040404544,-1.2934881150946795
29,0.030520428699929422,12.344969211179572,-1.3289944879973308
30,0.02442280175854354,12.20902714042748,-1.1135394569810284
31,2.1920149552217856,13.573500019134565,-1.244922405049903
32,0.02056899201527003,11.910140205333445,-1.321117025786832
33,0.023622479641780145,12.125834201186144,-1.2772634841204153
34,0.005605127172671727,11.264009838735145,-1.071914678849027
35,0.03987484458166357,12.445504715866726,-1.4972695456655214
36,0.04246163584424394,12.313007358782052,-1.295552500811111
37,0.016608231521962218,11.962507234455396,-1.2737150672368012
38,0.012408744834089032,11.115498236632423,-1.0635106172368454
39,0.044988557064263565,12.348512065944831,-1.1883422191461421
40,0.04511669623673391,12.435956616003052,-1.3863105925046122
41,0.014971596623771989,10.048001909911331,-0.003554207752820399
42,0.02316845929367113,12.369001637533831,-1.3490887388088852
43,0.012937582908844137,9.914973199958656,0.13933301051924973
44,0.14769830330120717,13.052984789799822,-1.2750368206624907
45,0.025549217737343144,12.228472194715643,-1.4175326430881048
46,0.07747831161928986,12.6359816717764,-1.103779579077903
47,0.026675740790058647,12.172027641151722,-1.3681800843359242
48,0.020192913299867974,11.849583171629138,-1.3673506002933162
49,0.020244215546796958,12.04449944843628,-1.2278697791113404
50,0.020214321554532837,12.446737124923338,-1.47480922963258
51,0.016489917216125076,11.297899109796745,-1.1010246493615945
52,0.029056442932018905,12.153022997935867,-1.509532868184621
53,0.022286637516486976,11.99296185333445,-1.2645690810722474
54,0.03415532287702766,11.959971359824623,-1.2011373445894618
55,0.02605839268561834,12.304973489958234,-1.3703385568075037
56,0.027549370673456308,12.16125550326971,-1.089104068743264
57,0.20113633201237768,13.116501256132858,-1.2220676614391985
58,0.01361439613105583,10.66398055760557,-0.6150942536710866
59,0.017952810334030383,11.946739708809758,-1.3082900888287246
60,0.03222720679636794,12.25741252187455,-1.1423619769456792
61,0.017244626027801614,12.177984498608204,-1.3960990625792462
62,0.03528668985054775,12.348543737357232,-1.474767037875334
63,0.028256790511181178,11.845489963575796,-1.0961803193290371
64,0.0060683903688483615,11.004468919733362,-1.2253145177160514
65,0.06520181529061381,13.116488042970213,-1.4056171370197637
66,0.038774786371386705,12.449284936451779,-1.2616730372218772
67,0.011860624940079601,12.348504636639202,-1.474849637332754
68,0.23318564315846008,13.120918241475058,-1.3358734849057283
69,0.016900264486550402,11.908985485438915,-1.5563658669139442
70,0.032615395183454216,12.074003959118722,-1.1520757615954489
71,0.025177189893555958,11.903682262383999,-1.085144325351001
72,0.008150890823450255,11.036986113007782,-1.266125588883098
73,0.02140708068663128,12.321477403918415,-1.290848571148305
74,0.02185470801083643,12.116837681748937,-1.1994775560779705
75,0.0404808876306136,12.438980150624374,-1.4092434818196136
76,0.03146594131934581,12.359005517845961,-1.5125714027002473
77,0.026271117328104186,12.212354224556181,-1.3614354468137586
78,0.010398076480339136,11.137988693409273,-0.9622659625273854
79,0.01873676670659781,11.941977295378416,-1.1876426853319337
80,0.014658636338592216,9.92899666269448,0.27964709644932373
81,0.012785320624243467,12.726010176264303,-1.521334755182317
82,0.02827569855444486,11.992967413121292,-1.2051143849996224
83,0.03962967360073184,12.22410647538975,-1.1392699864275437
84,0.028065128049927262,12.131508625311717,-1.5539062706658942
85,0.03813011032221062,12.31799873227429,-1.3309043850173496
86,0.031370470457299016,12.348524809819336,-1.3501287512097342
87,0.016649975313518778,12.136370087434791,-1.2639733200815586
88,0.010488932708330918,11.101560373258527,-0.921993644877106
89,0.07540202627589934,12.641992271242653,-1.2847724260522115
90,0.008946260060501893,10.457053782272434,-0.7413446779112457
91,0.013220041430581645,11.12800786834422,-1.0576200283773165
92,0.05107646247358967,12.439017652631833,-1.373517221674085
93,0.011175104626897251,11.383035066669088,-1.2912036734989023
94,0.2297077890711059,13.32097923183003,-1.3667820010220835
95,0.07197587428531385,12.83102319042795,-1.3707839354309606
96,0.039248319676944726,12.22051773799852,-1.4180832924074807
97,0.0072851177605783145,10.611018753188313,-0.8928745708429395
98,0.011268657748480309,11.077012419600955,-1.257079956724319
99,0.011304228426564967,10.089018097336467,-0.3352404894252181
100,0.026959518034235234,12.096610872981628,-1.4104495064004523
101,0.032539608574199644,12.285507472086387,-1.3395485882121323
102,0.04959055189957141,12.734994098429315,-1.4697264525385685
103,0.035607682839853966,12.317152956857655,-1.5227116038651052
104,0.05586846006929509,12.563998995004102,-1.5080052354401412
105,0.01641529472726371,12.129860632681648,-1.3773816069101303
106,0.018626860941258195,11.5569385579278,-1.233728426549992
107,0.029867747572089737,12.561970030399333,-1.373128785411689
108,0.15007261487606333,13.049498996548461,-1.6602283070709176
109,0.022228018567410933,12.208997151551362,-1.4028690636293895
110,0.011392129632206253,10.906945160148211,-0.7792827469395522
111,0.022108028332347512,12.203485420241792,-1.4225296704360515
112,0.03632038446696165,12.31300111112849,-1.3234080740513
113,3.400057244610056,13.88799999792733,-1.5680537970653372
114,0.044364267891216974,12.147997007668824,-1.2996126634817986
115,0.17105806668788084,13.04105312627387,-1.3216377137208748
116,0.037393478615949854,12.227497572529355,-1.0794014591457843
117,0.03511531302303813,12.136508262143508,-1.1466137333345268
118,0.020805041805811865,11.934532817514054,-1.4027372836239818
119,0.049796867457441704,12.220455251965685,-1.4265017075431605
120,0.02275090186559834,11.823526879280244,-1.301471205027402
121,0.016128520082991944,11.077514775108773,-1.029019402592144
122,0.013046883803167524,11.053013687247928,-1.03129923991396
123,0.03258394808019274,12.224000296746787,-1.3312382386697723
124,0.013696155665017043,11.129904222655737,-1.2015224830424969
125,0.011007100365481267,11.596965806111994,-1.1583298543988811
126,0.04520483805263144,12.498500691328445,-1.4390321730375542
127,0.03353454596945501,12.262500169860438,-1.4657174950866425
128,0.011642842766715619,11.014505190144732,-1.2504907759508652
129,0.03183852188237185,12.22048717182225,-1.2180095944826297
130,0.014427435638073225,12.167964140063681,-1.366008867398643
131,2.424174553170274,13.68900169907263,-1.3119284682154024
132,0.1478286182535699,13.030964675345228,-1.3421195009241402
133,0.1706189031560425,13.11648490603562,-1.3007343006685435
134,0.009927288713344098,9.781987049461272,-0.20714273682821166
135,0.027129447660155685,12.241017240802083,-1.4784730944061275
136,0.022432068135499226,12.36652177188039,-1.4032474911361172
137,0.012050575512723323,10.99888860347195,-0.9443285234634353
138,0.013501880608831517,10.99799980225484,-0.8436266367329661
139,0.008472107352799796,11.392075740105378,-1.2565901100486798
140,0.016151873861398207,11.221025876119498,-1.3474751876931241
141,0.00898285234493559,10.682096923796365,-0.9998952845431321
142,0.0178322569812391,11.934443019542273,-1.2174852461415093
143,0.09912369573102818,13.020006359145778,-1.125552927646999
144,0.021241797639668367,12.044566325728843,-1.1722936350308966
145,0.021243921067921993,12.176061002133004,-1.4584902256425982
146,0.0283172979682795,12.348497260413271,-1.2850450623969554
147,0.03479710082814351,12.562019810109359,-1.3934574886274083
148,0.024405360830073837,12.176010859759451,-1.4283236016451082
149,0.012332202300788152,11.123714596523314,-1.222980088091314
150,0.03518004065473754,12.441490724557017,-1.399474771115862
151,0.02195688611018223,12.447980376340311,-1.4326638195134738
152,0.012638008224860662,9.600991372245916,0.24665680868107168
153,0.03895601590643018,12.561992869638736,-1.2567522481057951
154,0.009602902818813886,10.047976768649159,-0.47521675400302726
155,0.030594354126669145,12.410017270751881,-1.243651640237158
156,0.04743168620610291,12.392018434357396,-1.4339532754338613
157,0.035564389829746745,12.209585643083635,-1.176411112779884
158,0.005989172119215879,11.356522281415902,-1.3660845124994068
159,0.022226793033994205,11.81449066731114,-1.1925907390787907
160,0.2355088781847627,13.048494470276522,-1.1351549248934676
161,0.023044495220366716,12.17401939711678,-1.2390274056892938
162,0.023641162685478986,11.931005198798262,-1.1000919503610782
163,0.00856737850419761,11.102991840310896,-1.301421247606776
164,0.01782786548367747,12.038501128189452,-1.265167272931094
165,0.02135675317482235,11.946995054571346,-1.2933079584326987
166,0.03941216337529713,12.65199246542365,-1.4513415729513257
167,0.028879974476254115,12.161031764518668,-1.4380536732956366
168,0.015276731502248432,11.596022332908046,-1.5446214922794435
169,0.01869906151686562,11.825994904385318,-1.3364939750737155
170,0.009950772872436838,12.213025578049995,-1.5282838216797947
171,0.025635042422519766,12.172970429014434,-1.4422698563725995
172,0.02343446419083533,12.178531141605212,-1.2433024582813452
173,0.031765395028652776,12.33395630159249,-1.5125815431749667
174,0.011975163626798619,12.271996335580202,-1.290728798270055
175,0.012016075308926842,10.488991136507783,-0.689393337465463
176,0.025843241127453405,11.834095431787958,-1.323336907986147
177,0.013444409815943406,11.840524050419898,-1.1274578566412625
178,0.009759612319154645,10.277973609177128,-0.6092957612512708
179,0.03336721333059971,12.161524650058631,-1.142450804429719
180,0.027967682645963166,12.328006422160708,-1.419544437735706
181,0.03438295887584944,12.037006020053155,-1.0715517204488858
182,0.015261421400653466,11.541185804052926,-1.3082452306296792
183,0.015305083513319735,10.685001199949143,-0.5789645495591382
184,0.03090872741454765,12.564061796906199,-1.2646218757735979
185,0.032086906926414,12.064000933011435,-1.3855312365823784
186,0.04772989404704199,12.411451425843142,-1.3985240135829442
187,0.01847034020471855,12.116935634230504,-1.543291455769106
188,0.03545922638573615,12.436990881427551,-1.3908546294771857
189,0.02149877770107994,11.249978552806338,-0.9379320709085677
190,0.033961156258728926,12.220549375210052,-1.1603082504587114
191,0.12292843901590236,13.015006031937272,-1.4706776769947725
192,0.04034249662039384,12.285478125505998,-1.5470805410231225
193,0.02768454964335121,12.336027664810178,-1.4770095210693848
194,0.009145566897934176,10.995347296386285,-1.1498431373751856
195,0.01751778423278244,11.40355524772735,-1.1805000271872288
196,0.04128503385049091,12.288983667834966,-1.3306476754345444
197,0.12438958515264692,13.116559292606006,-1.7091389480616472
198,0.033959281898886355,12.272127640161504,-1.4436486575634173
199,0.011037101094029118,10.276035195139588,-0.35897905095996396
200,0.010450414861346157,10.066979626157483,-0.267079123371783
201,0.046398173598811716,12.321483970350368,-1.2076392774744793
202,0.0849895668548262,13.048526749599642,-1.282864242504728
203,0.012213743556706246,10.990449732052808,-0.8918224643518186
204,0.019495149057529144,11.95493200934915,-1.2581185491387454
205,0.018369994283124386,12.826043824182666,-1.444883377274076
206,0.1677664996334903,13.074013950593246,-1.4350592060435416
207,4.848586183213428,13.74349994895374,-1.3010663057864078
208,0.09870110790634343,13.052995084624822,-1.3567757029163483
209,0.0510268852447828,12.513036895210615,-1.3565237431866777
210,0.011298746045519776,10.948994548150514,-0.9912159434955703
211,0.01936840636526517,12.165047852808943,-1.515820547449711
212,0.044302456410453106,12.121975736110894,-1.2086515788224068
213,0.02865639074257367,12.447965929001299,-1.4030189434458966
214,0.03500005586044933,11.931194854744064,-1.163470349705432
215,0.013536484621173357,10.229001745770276,-0.3077095790804991
216,0.03954028498562017,12.535005313671833,-1.3089007222316245
217,0.016936529069393837,12.030968561707702,-1.2678170538557003
218,0.1238135823818166,13.117979348871842,-1.3365169481631223
219,0.03400108807149733,12.150998644495795,-1.4168138457150807
220,0.019824255458047293,12.109543394838578,-1.4955964631241092
221,0.029058481617717624,12.235626236706274,-1.2379000515401852
222,0.2621097311162191,13.314482229741023,-1.333223186771363
223,0.16868003331444584,13.11649534011358,-1.3091138418723833
224,0.01495298312117366,10.048001255059713,0.17792309490503316
225,0.007727239603419791,10.105925904963886,-0.5845635879877513
226,0.016532888623984,11.83499040503542,-1.38002582729816
227,0.0179543993394716,11.92409084579166,-1.2701308167466732
228,0.010719403766826546,11.023988049373617,-1.123144750459503
229,1.1550308870407926,13.543999926620263,-1.2882540410910623
230,0.018900487675367124,11.798471273975387,-1.2693919173613297
231,0.04558180642651982,12.461534050792832,-1.2549976967740137
232,0.013258497451796622,11.174989828722055,-1.099645649614596
233,0.013587666255342776,10.661028118225964,-0.5592296393922935
234,0.046350610041257845,12.35205510723064,-1.2095961810212699
235,0.03618746422103852,12.122013588982036,-1.191566627607082
236,0.029896351995166277,12.344025546437933,-1.3983516192581147
237,0.013289035631779198,10.644495492596516,-0.6910591006780831
238,0.030065309624078343,12.03700853596273,-1.2092447236388009
239,0.10636927064003115,12.827030331025307,-1.1710866744384183
240,0.10859718286929354,13.040968350754866,-1.5365433516383278
241,0.02139425030149532,11.60183081714193,-1.0036888222094102
242,0.023579966778974257,11.852167210625389,-1.2851893159466377
243,0.019683792135898485,11.904964681185188,-1.2592745444161921
244,0.011164095208378449,11.947950477620955,-1.3626130904150568
245,0.015392367441818555,11.921309107515253,-1.1260357558329201
246,0.012045958673034264,11.692570534210995,-1.4586900059189887
247,0.023035315899362932,12.08104473214247,-1.1900741204905134
248,0.036477858081963827,12.216006143013406,-1.3339711305158546
249,0.033999756901025344,12.376026305884,-1.2178442241934309
250,0.03924961044309922,12.262252708563063,-1.265367256874521
251,0.01326057982936774,10.78204899900659,-0.7871125793315596
252,0.028434599735049273,12.317006976156286,-1.3759538762175367
253,0.013284162111347995,11.285505927940102,-1.1115803353232943
254,0.04933309368488741,12.466998201269067,-1.3622819102950912
255,0.011561349823852457,11.134509577930013,-1.3273481765473152
256,0.024586829410327665,12.163517963324274,-1.3306769098891083
257,0.6367081765401159,13.573500279062744,-1.2828198030585778
258,0.02118312780563232,11.726076768131065,-1.083368165160854
259,0.010421071758164622,9.938017239542937,-0.44648441612565004
260,0.030327831425825097,12.156991519098433,-1.3651588596410145
261,0.03923552956817819,12.303015300808337,-1.1798797377455759
262,0.013886380505536552,11.195488419165082,-1.075930252119499
263,0.02108804565047028,11.47400934396555,-1.0144405122657232
264,0.011012393785914596,10.047999822512292,-0.318126467139802
265,0.011049718593554254,9.75900383369413,-0.047995302425414325
266,0.1151947050924036,12.930998993088034,-1.2499303474323211
267,0.014834996544744709,10.136999043945568,-0.09001210548876179
268,0.011682249229082661,11.587276853445012,-1.277306042608056
269,0.00829411190177819,10.927977645543251,-1.1117041318527856
270,0.022439204292265813,12.031467826841446,-1.2541446954466098
271,1.837904560047856,13.883000212033814,-1.4148146859167916
272,0.010947781675905184,11.143485402807691,-0.9614112315791224
273,0.017111640492028096,12.240822078620532,-1.485062350266161
274,0.01071735984219752,11.118983476513542,-1.173566391297149
275,0.013857532333468793,11.940989316621604,-1.3626004826727225
276,0.023063714842007005,11.900000098684156,-1.2002126037588978
277,0.05048093342526362,12.3099878475585,-1.3055897161181647
278,0.015893201083937453,11.218997570099347,-1.006620074088164
279,0.04686263740659796,12.113465054732472,-1.297558470931629
280,0.009533451627736758,11.56799478830526,-1.4627918070788817
281,0.05617822806875353,12.66099600622437,-1.328852732026541
282,0.026416730860862988,12.075414648231028,-1.3180407560044516
283,0.039524438021374925,12.296089679499048,-1.1712349645568985
284,0.01268171082474778,11.330057013692368,-1.1165669005289525
285,0.027554012636765046,11.97705853519804,-1.3695205311178693
286,0.06927545732677579,12.583995159523024,-1.3794084365784216
287,0.018998890215307804,11.327957314272204,-0.9522441986026227
288,0.009854396041396216,10.06597008913533,-0.34981529611104756
289,0.021714262007180744,12.213001617217834,-1.1832611982548742
290,0.027998903351469588,12.524973669981184,-1.4405160824303698
291,0.109726603497733,13.03199639965625,-1.3231103229299326
292,1.623562197818615,13.573499433890774,-1.3380351619566362
293,0.010662053570258009,10.703002055524792,-0.8341078453346987
294,0.022844537026736653,11.969237812950741,-1.329052810113407
295,0.02300180758907125,12.472941706643711,-1.4546431049942021
296,0.013115029866204907,12.316953633689312,-1.4660130496694963
297,0.0460697618643423,12.44998433230306,-1.2547501092244189
298,0.022200496626912772,12.31799234042952,-1.6322249350526234
299,0.006191278400570947,10.047972533567428,-0.7330939294177744
300,0.011890343722759163,9.778005097553024,0.19950706376670208
301,0.008137504051531567,11.134489615633832,-1.1842361420477208
302,0.01931565073568877,12.03098391960622,-1.3168620591462856
303,0.014233281414847514,11.845484153068416,-1.242916585941125
304,0.013013029587590779,11.356515347330202,-1.287970273597267
305,0.04739500748698432,12.592979793174209,-1.5295591107803619
306,0.01777008588063172,12.431922898461771,-1.4450007438846901
307,0.021928753201214395,12.031675084425544,-1.3020940732549149
308,0.12432117637069026,13.05292297018019,-1.4575765282039448
309,0.02809777764821301,12.409254648045994,-1.5396615438207315
310,0.02592962744399914,12.435953091519211,-1.1894808455921662
311,2.398583340205823,13.688998909044486,-1.4126362403306665
312,0.10426751767490453,13.048490458990653,-1.2405644517308851
313,0.25486780498113926,13.116503096456402,-1.3498824648088954
314,0.03383497400003649,12.126685516214133,-1.1332036170798596
315,0.044077878571378945,12.498515919485428,-1.4627378585718285
316,0.009641393601770852,11.259981472404496,-1.2848769690121817
317,0.0050632820837935005,10.15890081371608,-0.9697277137402993
318,0.015645323442761004,12.101362898999101,-1.303070796519807
319,0.03814823916883396,12.33599549071349,-1.1852594698275039
320,0.02153250098272996,12.321491507369366,-1.1613333006588824
321,0.018318280309944937,11.601000171194958,-1.1572860791283022
322,0.015273146380761864,11.959560744791744,-1.317822354509877
323,0.009002578115474055,10.276977527592306,-0.5000576386065204
324,0.0216589808939909,11.93099916086365,-1.3602563467257007
325,0.01981144866647056,12.121962966238733,-1.309390681962886
326,0.014651414597137029,11.120003421477847,-0.9736746859774643
327,0.02372000942345833,12.13351585159137,-1.2722493136500717
328,0.04653973803562318,12.870000883306346,-1.4261029810802917
329,0.012624838964319702,11.221484661866604,-1.1912136718874984
330,0.011515722975571779,11.223502436826317,-1.2187608198738933
331,0.018980475857942318,11.771941925438433,-1.1380795956399838
332,0.021446898426166518,11.911996921874639,-1.4264266261420182
333,0.01566213884503395,11.75307735888579,-1.2185570562878214
334,0.043924649826789744,12.285366713205711,-1.314963498135271
335,0.019752858332664627,12.213018164008933,-1.3615856420449213
336,0.0349649516505667,12.307294711313116,-1.3395801670762584
337,0.017260048911351085,11.141500774421896,-0.9224979156991684
338,0.010245045880499154,11.305934990115297,-1.4131131893108246
339,5.935337933256643,13.743499947178151,-1.4064176514401119
340,0.007900295155831918,11.17199540363633,-1.324441688639628
341,0.01196788480248017,11.668953128711896,-1.3048966398837782
342,0.01709459410909235,11.981988326714148,-1.4372291742130887
343,0.019229256709918385,12.22402304271218,-1.2139794558448957
344,0.06576128378459836,12.6100777615984,-1.4314768917111023
345,0.052205936906796174,12.313029344079851,-1.206012182383774
346,0.02501418844333641,12.262492972412701,-1.2647599364550395
347,0.05579625407739011,12.51690252954992,-1.1090006526685912
348,0.024512448228683082,11.875497591137417,-1.1899845317694855
349,0.03486618697794677,12.104568948080022,-1.1767126713367118
350,0.027745819890652747,12.213000453652793,-1.2227822253797058
351,0.06477516447933043,12.946998389806435,-1.3022615918493632
352,0.032004207562101275,12.3215025388638,-1.4048132911728637
353,0.06591217806554622,12.722030683749644,-1.313903439799553
354,0.007478338954223097,12.301005797221357,-1.3903707375712853
355,0.01768437855251867,11.228502658940418,-1.214985882088099
356,0.04309160603338609,12.545499855177741,-1.254835141678552
357,0.031511166433042304,12.343990984645846,-1.5047178963465102
358,0.015846717481256347,11.321023458058306,-1.030615864700012
359,0.106825552930021,13.015015966854122,-1.474840878487806
360,0.01046773231467957,9.723998476610458,-0.20582158672572673
361,0.023125420045182588,12.335993653989542,-1.3611209203299541
362,0.01056823167603399,9.420022072478268,0.14954287258697418
363,0.007537394732194206,10.277023924370752,-0.7105966830025296
364,0.028456892302773765,12.22850106324319,-1.319207435651681
365,1.7830193654809223,13.573500147347314,-1.426970463408904
366,0.009948196069453717,10.066979381657635,-0.28901110344396175
367,8.009258962601999,13.759207984207164,-1.2129446678518625
368,0.06642300641417462,12.653512009340739,-1.2276736421962524
369,0.034775326810383186,12.212998981663134,-1.2984229227469188
370,0.06169544978298709,12.350433485981153,-1.080554080415629
371,0.01463117907412876,12.22047406544278,-1.1708572462576292
372,0.02698700780346737,12.852034177947427,-1.6949228059224186
373,0.01671019714278816,11.81399339075556,-1.1683027647817386
374,0.014353343187637629,12.013502850334772,-1.3306039612657798
375,0.02245812423255425,11.856578179893475,-1.3551205776569173
376,0.016678871324176454,11.0269757182868,-0.8067243158638602
377,0.019154563583516165,12.344499355337126,-1.2894711161241725
378,0.014032066562529855,11.848088553026212,-1.1704377981262617
379,0.023840413658693122,12.243015470416701,-1.2735484094450193
380,0.022682160811051042,11.673995160702745,-1.038417371716252
381,0.012454049643492868,11.19397530458199,-1.1554018303433322
382,0.08031345085894243,13.031984254059985,-1.2074853193696788
383,0.014327562392815418,9.709987275537637,0.36321229560162893
384,0.024689120804909422,12.128496492301888,-1.4225291831424631
385,0.010399335010242925,11.128699397723121,-1.1264495899024163
386,1.3908796728837478,13.689000601485976,-1.5127147651573607
387,0.02823232691555957,12.220497027175384,-1.3640757599855429
388,0.0263338268999731,12.078716251060506,-1.1964725987524156
389,0.03749832678650106,12.609974823303421,-1.6031861920945727
390,2.8479575130936667,13.57350072887113,-1.236453314967344
391,0.011033976395382937,11.112025664225191,-1.0719386855105875
392,0.021847320915841156,12.059613086672718,-1.199116204094768
393,0.014336134574879256,10.993036241720645,-0.9097982462411438
394,0.039172037842368085,12.261900051608835,-1.2635006465888838
395,3.692645580929794,13.762000019981041,-1.434169945881174
396,0.00886437963596742,10.017001119161172,-0.5124384056806348
397,0.04947720398845511,12.318908668765216,-1.2313282858929016
398,0.01266732750669626,12.054044541413912,-1.569447819122197
399,0.01857060703558591,11.561978117364575,-1.260078527949239
400,0.014666892039215892,11.942484309348057,-1.5210699772020009
401,0.010032117707300236,10.066037849121972,-0.3323774325297061
402,0.029484707567209043,12.123004347851971,-1.2923186662787778
403,0.019656604569992114,11.989003275825638,-1.2468432216276464
404,0.029926735379202173,12.366526143521366,-1.1721308626056375
405,0.03141872712931837,12.261743658863242,-1.4974554000775242
406,8.043031402088584,13.743499998938695,-1.3355020928140267
407,0.14652915157650998,13.041030821596923,-1.2625985799964266
408,0.023813341162612307,12.109498521028067,-1.5336106465464032
409,2.3576870756501673,13.573500273379256,-1.5335860753419146
410,0.009211742654456647,11.056012598890431,-1.1764142891019933
411,0.014021645954191687,12.1785025352829,-1.4768500867111438
412,0.031851437914257756,12.178505955935616,-1.398077077624622
413,0.008280325862908002,10.047991807772586,-0.45463143315685284
414,0.03810403464158173,12.734992199185655,-1.4386271602839893
415,0.09175242936726732,12.844952078564896,-1.329702846038153
416,0.026140146721937985,12.280029802306544,-1.487914482055246
417,0.0255765291139955,12.1219809879094,-1.2647349700766708
418,0.01555431643226042,11.759022621066833,-1.242861700676453
419,0.008688889273195539,11.063063006342425,-1.201770285295379
420,0.13918184717270493,13.049494997981952,-1.36625220149711
421,0.04677236685833969,12.238001656350814,-1.0608228450101833
422,0.007132971835708542,11.145001096757193,-1.3298525098060243
423,0.1116425282901435,13.020001260413881,-1.4373103951096118
424,0.011266253813535479,11.355516329084743,-1.373536767687781
425,1.0617846312736856,13.704000952308272,-1.3260376484419063
426,0.011871514462366745,10.877503571164507,-0.8923796892456919
427,0.03323254634731325,12.104042673133918,-1.350441291090946
428,0.10606431100555759,13.048511191318829,-1.5058858788535308
429,0.0288988104492267,11.959659666472255,-1.1087570791553651
430,0.08041855947246382,13.013041449484769,-1.5442488409745792
431,0.03129236366033616,11.994543697308021,-1.25011658411831
432,0.012481565830017718,12.36651916104203,-1.4750917567196644
433,0.04543614064277586,12.31701779951026,-1.3486997559664489
434,0.01921850332794632,11.666022349897755,-1.1611089792314644
435,0.03963046275125415,12.309877814551882,-1.3728227388063985
436,0.051758196904330644,12.498507173278359,-1.2496358846886244
437,0.016533303274296314,11.82459072169277,-1.5027663126922506
438,0.034987426320058454,12.220423980033463,-1.2381616063579055
439,0.03771551570195786,12.44148031110246,-1.391763302757961
440,0.017593249224997252,11.285546844818999,-1.1995121002891107
441,0.02068046138884335,12.45147909705112,-1.4015859860154873
442,0.008335659868175577,11.165057913751301,-1.229966333923221
443,0.17509401182973455,13.16950666976006,-1.4356538889920856
444,0.030752015353527742,12.212994180150918,-1.3939341385422193
445,0.01735505070026047,12.056989252637884,-1.292113579916805
446,0.046563594815951924,12.335985874494495,-1.5081947775196314
447,0.02252252113282096,12.3179605913429,-1.4583552485688682
448,0.04019986551444844,12.467837082914357,-1.3078780021814655
449,0.06913617151114426,12.550246286671513,-1.3338241122207348
450,0.014518226525820042,11.607499995939122,-1.3360558360083246
451,0.03854770310563893,12.227461071652503,-1.023333409636658
452,0.017753007865197193,11.678052318828609,-1.3288098587834147
453,0.019086691617450018,12.044492848767298,-1.235907813108183
454,0.026636225164459404,12.173011246132774,-1.342840621607523
455,0.006889046359579839,10.065993124195284,-0.9592362203777282
456,0.01542732683738349,10.8479812527191,-0.8744722637631477
457,0.029174350048667055,12.22849397676135,-1.3570935526868593
458,0.0654562788220179,12.858041232249278,-1.4700017000754189
459,0.020147576195525922,11.684012860913429,-1.101710294641841
460,0.047394360004827135,12.504033373444358,-1.265717502088857
461,0.029067216102798048,12.335954317189659,-1.6064623286912152
462,0.027073306161996782,12.04749224620366,-1.1812214372747905
463,0.006809469591914304,10.918979709645827,-1.3790011597158611
464,0.01776242304643045,11.925009325080644,-1.3983840833291328
465,0.009921825174019233,11.840500005142918,-1.5128129807512933
466,0.021024003734098712,12.228497159299407,-1.387949499897009
467,0.02470299762697573,12.692975241713455,-1.4594187647651697
468,0.033384428549838405,12.17201526202371,-1.3330115726167693
469,0.013137736392382074,11.562045594290083,-1.3212669431783581
470,0.021675709044254282,12.110338043994116,-1.357232750341971
471,0.021452797823208282,12.009040702835257,-1.207627985516487
472,0.01415108199795684,10.967494266902584,-0.8648802661850847
473,0.011984317576809022,11.17701542441441,-1.0896446625711964
474,0.035683153538005094,12.176076833580954,-1.4962788286811954
475,0.15098493700950072,13.049496674329458,-1.3162059962009032
476,0.058630295634352514,12.50398792225105,-1.4795540569654149
477,2.5548264486931744,13.549999923088752,-1.4226873338329278
478,0.020132819164143393,11.877025088464677,-1.3242447271302034
479,0.024025219697512562,12.008981339034552,-1.4809991876662676
480,0.03164521800176365,12.317160370575445,-1.1982445604049872
481,0.02715451328683935,12.241940544953184,-1.363668027512003
482,0.019114052555561298,12.104011453193316,-1.286985388653597
483,0.027713036740144213,12.322396391616603,-1.4029286536664067
484,0.03170396866267676,12.209032671860658,-1.3152943279846325
485,0.13216216974915285,13.116530071334097,-1.3394757345845956
486,0.2803313384059677,14.00999983244147,-1.454106365243344
487,0.13084483029745841,13.037793386040622,-1.500088466515689
488,0.00730216792697588,10.61301997046256,-0.829180600831607
489,0.06604155634610813,12.734994161166743,-1.3169120497474665
490,0.018407467120026083,11.242962588744291,-1.1883429463237114
491,0.01077316105138115,10.846497400561038,-0.9144532599960971
492,0.03159701183737476,12.318962698401446,-1.3119639315087757
493,0.029939074578186793,12.285497828776506,-1.3536267531043218
494,0.01244536388717363,12.304968769713318,-1.4289034540122096
495,0.013067714143518237,11.141995248086587,-1.3197646949213406
496,0.014405158127760203,11.257044783425176,-1.053663561623837
497,0.009582653044385828,11.621449263779056,-1.255334843331516
498,0.04610898918912762,12.265404686556558,-1.142932759720087
499,0.009410579750268797,11.814003219456326,-1.3977519931365463
500,0.009802682206578848,11.151999277062178,-1.1935531971189457
501,0.008570688863390866,10.909986975913977,-1.1157775555738763
502,0.01616138069421153,11.498114124152654,-1.1058077070084147
503,0.03089349793926988,12.228509029869507,-1.5181466533400703
504,0.011933607372064899,11.141006817826321,-1.088575281163045
505,0.012364904633954486,11.189034852110815,-1.1577461421328379
506,0.016729744655093505,11.829016873072796,-1.2421527875988476
507,0.011063142352145464,9.77800459264171,-0.13398995379486262
508,0.009211777668464453,10.06599940022345,-0.45256514833314077
509,0.03644920563962146,12.151013560330355,-1.222219026693065
510,0.019517967475168596,12.208999005105731,-1.2449116741669783
511,0.013682550007996418,10.881014894107555,-0.7572592252615851
512,0.01164864336451067,9.928986230812477,-0.04027079351685799
513,0.009056425190101755,12.157974235546593,-1.4533212232193096
514,0.012810567777032322,11.002923862290437,-1.2480395390570265
515,0.1329109158154999,13.041003184235414,-1.4891261652166516
516,0.02093357763434007,12.22851313495785,-1.2944127341975569
517,0.02405760080224118,12.091983548789095,-1.075747533895329
518,0.012679456886808863,10.706989185785392,-0.7672371991082247
519,0.017935364898752804,12.011048997200266,-1.309629703866893
520,0.016828366025444276,11.50252148004051,-1.0766349309238663
521,0.02298314831360795,11.73053141107657,-1.2024262480113186
522,0.044521691650697894,12.261000015078473,-1.2039377122465824
523,0.012480366068448566,11.579494405924105,-1.5592364590898886
524,0.06858701989228086,12.761045287882638,-1.3613353436447966
525,0.02173294433378773,11.958136033677047,-1.437974089456524
526,0.010756948466187546,12.251495342002848,-1.4312536754283354
527,0.0591692324151232,12.731023002463864,-1.3654694734950263
528,0.011360175649083426,10.17140079948115,-0.5467136306078926
529,0.0346349783287197,12.336003848004646,-1.354639764840821
530,0.1520188530711789,13.32805912500383,-1.5315080567162267
531,0.010873832692400578,11.075276083550968,-1.2383858040728735
532,0.16038660654277534,13.015006098538997,-1.1714306739134575
533,0.04283523600767511,12.288973381507027,-1.3122966500992828
534,0.015632305210805775,10.961049802414486,-1.0633618073257791
535,0.03181403783702688,12.70199218834098,-1.4113356001813888
536,0.01495774315799853,12.106918708142633,-1.355994668964151
537,0.01614358714091344,12.12298510352737,-1.357267297419365
538,0.04591510351238305,12.173008074470356,-1.1830299703548013
539,0.11832321249815914,12.844003291089482,-1.2253051802202959
540,0.0045293044168747375,9.929018594552362,-0.9110453681492143
541,0.41926655765733545,13.724999787928208,-1.5499621373342518
542,0.16677158939874204,12.923004069499584,-1.377480893216339
543,0.019461273594517416,11.967116092586666,-1.269841027457233
544,0.034890148522423545,12.43003963459519,-1.2263658721147568
545,0.024437296357856245,12.119846534027792,-1.2583551342669623
546,0.013793156178361398,11.22100707257152,-1.164944959219203
547,0.027357880651418778,12.10808603584751,-1.2929926427363658
548,0.03724402251063606,12.122992492161295,-1.2566638739493845
549,0.013676756681444528,10.608496080624754,-0.8180884961447381
550,0.02604728904424914,12.136623978738388,-1.3433138776446758
551,0.03372041143278662,12.316985883834587,-1.456051694317551
552,0.037043859985882235,12.321500169964569,-1.1910038851703986
553,0.033504589425619194,12.348442956052503,-1.3779407653523272
554,0.13886931006661324,13.022914010348558,-1.5347336073323117
555,0.046033398017815724,12.804992298617117,-1.5367803056807703
556,0.03440734359049549,12.244615122092306,-1.162115116170967
557,0.08098340140018528,13.020005616958905,-1.4321389304103627
558,0.030590880130197298,12.02998051991067,-1.256973916364628
559,0.011679457288372446,11.550495228183248,-1.3342120351717612
560,0.012130613115658573,10.990482564815082,-0.9046566360267752
561,0.009877282951649819,9.88899691777043,-0.416636055167403
562,0.012239519633875397,9.40395156445567,0.42388786765329467
563,0.02075695854814949,11.98423629492983,-1.4650415426588
564,0.0170012852002574,12.23104962732592,-1.343119335577739
565,0.010628791532465485,9.561993548436117,0.060792649208329906
566,0.0074248111641743424,9.781986111361682,-0.5051612848723801
567,0.06427885127873348,12.735061447315594,-1.3830014912629576
568,0.012312628770875647,11.141506719191863,-1.0338265998935965
569,0.010900693531801155,11.762991054833925,-1.4461459983281952
570,0.037237775342178044,12.344417263014076,-1.35521907140166
571,0.04364750543271412,12.686980291456077,-1.2857390364010897
572,0.9892074486044329,13.41649437705719,-1.4772893653548127
573,0.06122209575383665,12.735000989588075,-1.3639045573708484
574,0.0318531166404879,12.248794860650708,-1.5063277193567222
575,0.008988162322469401,10.88554833299904,-1.0789484932702773
576,0.04166816253031448,12.233507557589725,-1.1235340086903483
577,0.9711762377014208,13.883999083087492,-1.5221022949529428
578,0.16980840753565987,13.031030988014319,-1.1265652662528272
579,0.2513888168710461,13.116500972347332,-1.2769749877389929
580,0.012236509947776014,10.710978080765663,-0.9276947629022404
581,0.034272643950901,12.149513520873308,-1.3375033801319147
582,0.009545190365937217,11.220962859294536,-1.3482945765545926
583,0.01258335043409287,12.047501571302456,-1.4162395263673706
584,0.014785445177010744,12.366539801878796,-1.529287084534642
585,0.03305699734150666,12.410970657815703,-1.291905154281145
586,0.18405034333680828,13.11650869425837,-1.4769622584188022
587,0.012094555775016499,10.366636671728566,-0.2710083784096462
588,0.017891799496755033,11.628974443234949,-1.3709505880840887
589,0.0221961858862813,11.840980264724589,-1.489204623282995
590,0.032421415493082154,12.233341193353843,-1.2667535962468934
591,0.03244272418830102,12.044494148519545,-1.1230700179580846
592,0.11930727260575603,13.116505072147564,-1.328017953876003
593,0.028063363939383447,11.969542625484626,-1.241656877048638
594,0.014064195660017313,11.897018258876324,-1.2975290579059555
595,0.017622205911895034,11.564981086622169,-1.1590336716907421
596,0.011273514531193357,10.992008903997569,-1.0317334477545563
597,0.024526965249129645,11.85099125842152,-1.2783496126538967
598,0.010991658180784885,12.013013558172403,-1.2105687978192965
599,0.01079174496383263,9.618050993633151,0.04156649887211994
600,0.01352841710142648,11.220999143305015,-1.077939766315417
601,0.04222132844515189,12.321515736909468,-1.2806351281723196
602,0.0441288978767703,12.317999315393383,-1.1872388266325542
603,0.020837697890066613,12.107116611785703,-1.2268971546044463
604,1.0212572110390372,13.550000094792743,-1.48778150880075
605,0.039271459593879746,12.177896148846514,-1.1860884731583454
606,0.01955481031361147,12.164765621922324,-1.3662418958454494
607,0.13144731749676683,13.11650453169134,-1.4145035126140684
608,0.015138456855762181,11.165001587234666,-1.2491310055714573
609,0.0433913093047259,12.620021532319896,-1.4340650831083286
610,0.021133131686318297,12.046890269572195,-1.3660195311652727
611,0.03289278005925701,11.988993879110257,-1.4261836299635915
612,0.22531495319080502,13.116497567162224,-1.2725233286227442
613,0.2414670223737176,13.040975122713554,-0.9587824257856963
614,0.04305577039784614,12.208994746644759,-1.3805569925466472
615,0.03088316524329495,12.282114688676701,-1.225404288967734
616,0.02983420066126253,12.436387442413345,-1.4917002857531827
617,0.030393978351231053,12.41099649743336,-1.3935516225385103
618,0.00905260435892505,9.404009732750492,0.005147595205662797
619,0.02156352126358727,12.030987607114092,-1.295196535545529
620,0.02034369993328127,12.10402642528344,-1.2031506868221964
621,0.008537477273515984,10.066001529264604,-0.8606681076606637
622,0.022075536185118295,12.17606996518266,-1.3225598457863936
623,0.11484291506661776,13.041003041816502,-1.4385449218780773
624,0.012456141366062656,10.483016932001771,-0.6208372633811003
625,0.26272143983266105,13.116507017293413,-1.3163411757170809
626,0.029607217843272,12.010821276078666,-1.1474771394776715
627,0.23502230183882553,13.205010524708598,-1.3962001937350057
628,0.10787398970054393,13.049506136024188,-1.5052596132005076
629,0.026383513842681706,11.671349760955067,-1.0246796291074323
630,0.09960822522707025,13.049501523148049,-1.5671153221329512
631,0.08973023353007734,13.020010033884144,-1.3644778686773984
632,0.034616019225714764,12.37302002346609,-1.4177783943300417
633,0.01570056114405853,11.543018051888176,-1.3169608062343419
634,0.08381435650142591,13.116507494926577,-1.2760628513604075
635,0.01247061395732299,10.610003087457788,-0.8810642483631834
636,0.07679932736074946,13.04947886768931,-1.2835912449293154
637,0.014209576075749148,10.976434728069057,-0.7699894363209683
638,0.024856121102516313,12.266969998214659,-1.4354846066277713
639,0.00975288656371175,10.966998554910102,-1.1690360004858182
640,0.024426390052491753,12.228493701478687,-1.2321451018524545
641,0.14905750712209342,13.041033660585128,-1.427935046924036
642,0.012561697750332293,11.702054787885256,-1.3365260762236755
643,0.024291893704134336,12.008204625477099,-1.2218108225931
644,0.03049983012241856,12.101513758884439,-1.290983887941238
645,0.01754860991399042,11.712159604330026,-1.2463749271673357
646,0.018954859329647203,12.477020403884245,-1.3324127567701853
647,0.015493647875184285,11.629249265595767,-1.1453902004088476
648,0.03326286089095455,12.32808171895882,-1.257416771065351
649,0.01558095871339979,10.947497840163727,-0.9478792557581492
650,0.04101494013855053,12.456500817061912,-1.17996010421128
651,0.0090274432065225,9.414024958131202,0.014213230956786354
652,0.028270889135854675,12.306061681389375,-1.3268600183558168
653,0.027501016419644024,11.974995963602353,-1.2752638344003957
654,0.02365828166837372,12.333972746974567,-1.4752568667430106
655,0.013536038879342028,11.14147225956774,-1.1265352989240416
656,0.011507267835463509,10.017003385148374,-0.26047121607455115
657,0.01830911108752156,12.133540049836327,-1.3892246476537877
658,0.06551442868462602,12.637519941022921,-1.5315324283619165
659,0.015792427654218615,11.671417050035295,-1.1387380204412216
660,0.012578222556338134,9.410005834074218,0.4781509872804315
661,0.009166830431540759,10.163498685460766,-0.7344958735328593
662,0.04182303956266799,12.241000682318969,-1.2291746908621488
663,0.02976575555190749,12.348364836526947,-1.4282438950426326
664,0.015051466754897817,12.44998594780353,-1.481877684883
665,0.03105567711965801,12.304989504974888,-1.3299566303950119
666,0.05080743691700349,12.61000618695007,-1.460548141886677
667,0.030058790957748188,12.203581161636642,-1.1910989045119522
668,0.023853917776389705,12.172979187895475,-1.2542680771993653
669,0.004509707260419393,9.758979980963222,-0.9059792787524994
670,0.02234905648227297,11.818922320352407,-1.2004158010920651
671,0.09761901488303368,13.014954301931011,-1.3348294731329715
672,0.027433466897727292,11.894241552732623,-1.2615021314704478
673,0.041437687189392294,12.515005096976653,-1.279555426853893
674,0.022642300207459515,11.841459825809263,-1.2956414247027581
675,0.011487238291593226,10.90433308744219,-1.0375461423889374
676,0.018258472664066532,11.787539725337474,-1.4863659635900266
677,0.02747992416351085,12.022494324080828,-1.1240772851118281
678,0.013317159787287036,10.954995032544883,-0.9962831174923417
679,0.19814013218276055,13.32920482691611,-1.3042924263325921
680,0.012454611054563754,10.076003225876908,-0.3071168361805472
681,0.03166661837939186,12.449979064375816,-1.3960230491836025
682,0.007595257436274334,10.924450779291512,-1.1349669170187542
683,0.02872817032495607,12.32148132304584,-1.1544439680949234
684,0.11639706731056686,13.116499102032638,-1.558301997283914
685,0.013453817184012,10.692985945229385,-0.8260883507794268
686,0.022711602984682732,12.299912323710027,-1.5448795266332704
687,0.02921225095834632,12.28899237627568,-1.3092203295139577
688,0.008640648456567888,9.923977675436085,-0.47881299964222823
689,0.034929729881508775,11.96096955401644,-1.1215765654866017
690,0.04757619602909643,12.44550013505931,-1.2824453038081125
691,0.02695341789055479,12.143761684465254,-1.2851710575962199
692,0.03400402365883924,12.321500747188171,-1.398949612705068
693,0.030168426064016637,12.254000112178518,-1.4167831001333315
694,0.026937530646730323,12.09698942599955,-1.2333545895920293
695,0.01663584958872099,11.824236078582192,-1.288533874420938
696,0.09127109434720973,13.111058552595596,-1.481709266071646
697,0.7193647075753269,13.888999986258627,-1.3127920637213295
698,0.025990584515986855,11.852124222158784,-0.9432644998771732
699,0.014692692113330474,11.218998085444994,-1.17327112853763
700,0.0667651352240399,12.661005661535498,-1.3852568739567044
701,0.17405035643725236,13.040989491696848,-1.3799987911116418
702,0.010897627378212047,9.980010619888578,-0.3105749829885548
703,0.039114810724576496,12.343580346475104,-1.2459683291756631
704,0.01708627408005917,10.643292593641586,-0.4713258657612107
705,0.006403759081638252,10.04799932178259,-1.028015433164656
706,0.026267576762512568,12.033944141473906,-1.12530048555421
707,0.0545628095802593,12.228488238533117,-1.09374155138139
708,0.027740228340064413,12.209512367530513,-1.2400635177028874
709,0.03679909710443538,12.313024640913238,-1.4311424503442454
710,1.1977920496419325,13.573499964319018,-1.2623656049355065
711,0.015335409264114554,11.669014539122601,-1.628942229681276
712,0.03346152711419896,12.285515166966787,-1.4307915062237724
713,0.008009082088991516,10.277009038716201,-0.8877105081148271
714,0.040711618651915665,12.210192373057204,-1.2130659836934063
715,0.009775517927611242,11.120578741960774,-1.1724087585814056
716,0.008746823237663822,11.224989993008379,-1.0661218196692857
717,0.008158776781233393,11.133005517843849,-1.4575392571088401
718,0.005177412398669662,10.66396776029529,-1.251716856429955
719,0.014801270509182788,12.009007590635544,-1.4564045623202069
720,0.0054670087224924935,11.014440616276897,-1.208547111213817
721,0.01510929328850167,11.517204913269577,-1.1403640116177245
722,0.01929520032410408,12.195984460421533,-1.1825419208357304
723,0.011612230020230582,10.04800893637864,-0.28823231751983225
724,0.027867765407986345,12.208989892184771,-1.2349196783024206
725,0.007906548353314932,10.065999318013922,-0.5767266827733593
726,0.01628318346571613,12.107702016057752,-1.6192224967737805
727,1.392190426693002,13.573499954788012,-1.445743091193747
728,0.014708462102866672,11.88492440310851,-1.4792994844393152
729,0.039809573290564865,12.391021539925099,-1.5452982788171243
730,0.08966935898285236,12.845001891974189,-1.2946099353860347
731,0.0386037336816791,12.28408449523075,-1.424098091192184
732,0.0199647491683847,12.735007875946721,-1.4790600142633177
733,0.1728510873696103,13.1163600739728,-1.3217678213461372
734,0.08030145432196287,12.669485728549962,-1.303728003085018
735,0.10848919991516634,12.90797640307859,-1.4602973492497702
736,0.16940727610490552,13.116501147203843,-1.2277879278054145
737,0.034729631867448915,12.15353136486224,-1.1318695750343784
738,0.0221960021571824,12.30012787945415,-1.3435420224845505
739,0.026711531027571688,12.062656325243521,-1.2818839228608767
740,0.00987624956967009,11.567996027161417,-1.3808425858309894
741,0.012394235767976922,11.258997646707574,-0.8175687983305434
742,0.02157722997904515,11.814019725441497,-1.4482131886964438
743,0.022972734640411302,12.136412722036141,-1.23565657549196
744,0.02606961608848832,12.240991487211325,-1.4330961779122573
745,0.05622353061063508,12.4230002485705,-1.219445394934139
746,0.012722519408077263,12.031502204649257,-1.4626927054682128
747,0.0168557083513102,11.179791949555185,-1.0290562362308626
748,0.014113496216360955,12.277993072959562,-1.3419965070026314
749,0.07563673196458826,12.734973043777298,-1.4554592169843517
750,0.02595459788518431,12.205477060259605,-1.161584760247407
751,0.08689865148986842,13.049503611835547,-1.3655630725486856
752,0.011052187923911935,9.937979707712408,-0.21859765988364238
753,0.028720794656785432,12.313007743307796,-1.3471976241968262
754,0.08683690169463709,13.031993934700953,-1.1715219949896547
755,0.022943986357541836,12.208992072448199,-1.2708624237125523
756,0.03211087917486487,12.336000353604529,-1.3511583759512926
757,0.02382863468961977,12.237976106345217,-1.2205141183089294
758,0.31405882749460035,13.544000511792614,-1.4366426210398604
759,0.03565833061074501,12.4985226229096,-1.4908508431291025
760,0.008899497400052145,10.032015689996157,-0.6263778600384844
761,0.016181635011501036,10.907992866136361,-0.7947037767552603
762,0.01357617635278385,11.941974476785289,-1.2774641145905106
763,0.13511760973708575,13.025957806490416,-1.2838897494401995
764,0.011431587391184602,11.115517097120764,-0.9230928438830088
765,0.0183525100481721,12.221988912057547,-1.4020048819869921
766,0.019298116338422593,11.969496007366963,-1.2897465772858305
767,0.10426283651264628,13.015013502924766,-1.4899178759827187
768,1.0778870857079133,13.573499567041448,-1.2526124773209242
769,0.013302293002927887,10.772048878113575,-0.8181546471456207
770,0.023238542571940222,12.34850410097769,-1.4113250209071369
771,0.014348610470198886,12.762018994738241,-1.1862849043630324
772,0.011464941447592133,10.96349991700011,-1.03763772788515
773,0.04991858310026216,12.450003722946203,-1.1660222334499477
774,0.01550383773693054,11.195486937227635,-1.021928831546254
775,0.03128751998785953,12.254049836498972,-1.255898210562378
776,0.027900711696405685,11.845190879325168,-0.9283634882728987
777,0.006826550544439881,10.089985517493218,-0.6834616432422265
778,0.026740015698347108,12.314025900132542,-1.2821918293523966
779,0.016773003894517143,11.324999217985054,-1.271505086085136
780,0.014929387197950594,12.20950158046298,-1.291355886610999
781,0.006680542203718325,10.0900096064942,-0.9699685041985175
782,0.013177345301689417,11.119004067203907,-1.0845335739726205
783,0.03724746392143585,12.251224324580203,-1.0462663039848465
784,0.023073157433541075,12.240992144005025,-1.2534194849062015
785,0.012791444657416228,10.922010104932625,-0.9005300305929154
786,0.024336358148500378,12.174981799385925,-1.3932053560289146
787,0.009322702220553477,10.959004211255477,-0.8010140327632621
788,0.014262370756667865,10.702999728780707,-0.6808270488664474
789,0.038070291430999326,12.208993331185152,-1.3590164352709762
790,0.030375086839098245,12.240995956642742,-1.401422791439792
791,0.017875813383199185,12.031002177951475,-1.3159869770193227
792,0.01287925403082419,11.031879180495135,-1.2182914596157586
793,0.035453951895826105,12.209508272712458,-1.3435105899475774
794,0.05130725910632795,12.642207453418354,-1.2524787353400768
795,0.02408793757302076,12.313173193445554,-1.217413153460178
796,0.07946917427221323,12.746093268194091,-1.3080165300431787
797,0.010477913920293194,11.226997758336365,-1.096375986913336
798,0.028523221544483772,12.368987284239386,-1.1916254565587516
799,0.017601227280337924,11.80401510552047,-1.2156442006311696
800,0.35995389561622626,13.330951893963597,-1.549191547503165
801,0.06849322419317971,13.048501109458819,-1.380470655119058
802,0.007862278299703401,11.780994318083877,-1.246976443252366
803,0.03559819238201231,12.317001372093095,-1.3246435309048323
804,0.008191022935578492,9.79499867386778,-0.4423451330931232
805,0.028225759934259395,11.943310870891906,-1.299008875540447
806,0.03525446160536365,12.336024410701725,-1.310422349879893
807,0.020543493303855083,12.023436881152541,-1.5243480630787216
808,0.019995514996722294,12.280695356317073,-1.3530726244197098
809,0.030698554398921864,12.170413420296676,-1.1650666145880457
810,0.03592350051080188,12.217091637008703,-1.2850535308212359
811,0.1688983174110355,13.100000227520265,-1.4596288858039155
812,0.013645213763866935,10.989998854150787,-0.8054576368772808
813,0.02506622914825872,12.186965157962788,-1.2388727519487186
814,0.027452076185181147,12.153533687487482,-1.1131496569487953
815,0.007244192743891549,11.587111270471759,-1.2904273672888675
816,0.028827913231882975,12.348504417515336,-1.273356828817738
817,0.008308390381377564,11.355547231635178,-1.266533936628833
818,0.020455222171908732,12.122000288358436,-1.4593450429436916
819,0.02355840211461894,12.460033752571949,-1.2817500301865723
820,0.00784120718324316,11.510477065772799,-1.426094420226001
821,0.022273568669097514,12.348481836469965,-1.3538362784513218
822,0.07892290481131253,12.76800997975921,-1.2521284023005417
823,0.05354662394483674,12.862022822525788,-1.4222107607909389
824,0.0900741959218587,13.014972950796103,-1.5621283167139177
825,0.08261543678957034,13.014945593041048,-1.3226737487850744
826,0.0059003750045947415,11.038010677969275,-1.1194478629726285
827,0.029224539179094143,12.034765267622905,-1.1426425824551463
828,0.018493369391579972,12.46049944879416,-1.3429687935763703
829,0.012160032106777909,10.234969871438967,-0.5949376348920934
830,0.012608925786850028,12.107153946913055,-1.510882174856058
831,0.01182463511199279,10.105996714663645,-0.25070915200965294
832,0.01603654255863065,11.402997201719248,-1.44299773663377
833,0.03350281345523484,12.04452409990001,-1.2838063234088102
834,0.010118756201123364,9.758999503065588,0.17159966253540598
835,0.03696053613021129,12.56406392045454,-1.4526735772179962
836,0.03087168964267789,12.348487378301591,-1.3323491993710204
837,0.02126469313445624,12.220501361969944,-1.4884254336921474
838,0.02363229728205251,11.962501082561964,-1.3444689733243358
839,0.024416933079768388,12.3450121377949,-1.4774502710073047
840,0.03212704020157479,12.294809433061703,-1.326648936918748
841,0.012089019182671598,11.379010084127714,-1.135761801812099
842,0.013646302395375929,11.188009109212597,-1.065252436691578
843,0.02124490121109631,11.863002215318925,-1.1952154608650138
844,0.01137333045216302,10.090011999638445,-0.3178057891957994
845,0.00889095389203896,11.109496001150685,-1.266408399395792
846,0.024351194186403836,12.173975231387988,-1.3206455144741707
847,0.07831314948359344,12.721982291113124,-1.2643003851473609
848,0.1916922405592444,13.05298858901726,-1.089616217992179
849,0.013457500301512562,9.801996570134428,0.2150729036966964
850,0.03540743737301365,12.31302377009526,-1.3776101226640445
851,0.03511618953740776,12.376042901360279,-1.4156608644023034
852,0.037292006969486924,12.1770213909872,-1.2505726110684794
853,0.024014134280798315,12.13100087099729,-1.6209896039992326
854,0.027776217863584172,12.130976556374385,-1.2191689264868195
855,0.03489047793711851,12.300056705702021,-1.413128594429128
856,0.023871965508909628,12.34453050158396,-1.464968405119078
857,0.008925177017357042,10.110005832044662,-0.8011115356671921
858,0.03395282134257396,12.07300698306107,-1.3945141499494
859,0.06914133178444455,12.969011612960735,-1.2558530674114121
860,0.02905855663904046,12.2624654814062,-1.3157111926826301
861,0.055528697290905274,12.838513030912093,-1.5922843088156537
862,0.13001274371898225,13.048498427840865,-1.2905802653399916
863,0.009921842514927112,10.496005538648813,-0.6862416293839584
864,0.010155612780291442,9.813993527127003,-0.16958640603149733
865,0.03611792628199433,12.145724169149952,-1.3414427251694208
866,0.06276635383147552,12.499006773704792,-1.2709215106476284
867,0.02576669120408036,12.07993114047456,-1.2471513753639196
868,0.011225772602452926,9.403984225593954,0.24519449424760048
869,0.013672126645827128,10.704024377078536,-0.7900515295248651
870,0.033927635313738755,12.086964907352638,-1.3280830876693734
871,0.013548124696307947,10.087002309333357,-0.19815204519420448
872,0.016159936569903513,12.541916371000333,-1.430708976182271
873,0.01888999445538138,11.287005250701696,-1.2039372183808505
874,0.013561369720181179,9.600980580016344,0.46517505288470484
875,0.01320861154589649,10.8999816524176,-0.9816085997682213
876,0.07600887815960601,13.01995324331867,-1.4221634272657486
877,0.01877992399633706,12.01649718804634,-1.266535263061618
878,0.021089174294906025,11.55300108144052,-1.2558914701637323
879,0.036218087142846536,12.336015430699078,-1.3059104949309694
880,0.007897374354163262,9.995943153038333,-0.769655220176503
881,0.03102019855832058,12.277610781426775,-1.4723345810957955
882,0.026581129726822937,12.321457918241745,-1.35031648347857
883,0.06530315625563715,12.946983846550495,-1.3085258964998565
884,0.007830015077092915,11.142005701501756,-1.1460573697197902
885,0.021395931436588158,12.17636085847753,-1.3428692102933957
886,0.010967452433990898,11.457032327297988,-1.355251378724231
887,1.5424273458206983,13.88399998613918,-1.5190599312599806
888,0.018764825589351455,12.317992954162632,-1.3740674836128461
889,0.019541252981382727,12.175670468917001,-1.1730903462637376
890,0.011653077559618443,11.277981870472665,-1.1556479531922625
891,0.2551396783009624,13.116502544786648,-1.37115190469115
892,0.013855240666443551,11.954950942190834,-1.366485045210843
893,0.025563920964082498,12.03248645622778,-1.3138511652781273
894,0.004906942412796916,11.18096949302287,-1.2508515049635005
895,0.105888676407747,13.031984461293426,-1.2113863145573052
896,0.018323160617649777,11.981999093099027,-1.1596999407218584
897,0.014843908791614624,9.759010351079105,0.29787346726215846
898,0.02707050901163116,12.173013980273414,-1.4032341002726838
899,0.01855814744217786,12.285521143691321,-1.4217061535078885
900,0.0162828506096718,11.813996710077637,-1.4370966340573212
901,0.011551143675134466,10.98999316403695,-1.1183554234586712
902,0.19959418554098446,13.101008350229321,-1.2263376303739197
903,0.011694876392778922,10.114982369037275,-0.24690073629931553
904,0.008253963656565628,11.969466816099605,-1.6065911711627185
905,0.014679019116180598,11.11997309250199,-1.0547055879846063
906,4.4392107746470435,13.716000001040515,-1.3765099230230486
907,0.03455557126454234,12.420056289992237,-1.2339299751583557
908,0.04764860714307888,12.251444447529446,-1.1929996788032526
909,0.09717221489145297,13.048521229973996,-1.366659152009912
910,0.017546102967056193,12.183857119567872,-1.2716896475081814
911,0.011324872811142379,11.017139744663783,-0.8515103263341641
912,0.12645920519569118,13.04098647058823,-1.168897159301646
913,0.024198201782640143,12.213071469255752,-1.1615005857336516
914,0.5213796968944833,13.573500177560856,-1.4552825510088239
915,0.011910977971396688,9.928999651006205,-0.047661484631077305
916,0.02641809512574733,12.285500942786527,-1.3495315139947706
917,0.017092847800835226,11.611020585694494,-1.190338418329544
918,0.021310631152131172,11.942083789442162,-0.9876115142903783
919,0.015878709664666965,12.17199063055793,-1.3577745979288556
920,0.030282091054070384,12.310040371000554,-1.3389675633032927
921,0.054702740328403346,12.57500124799772,-1.3463603579718302
922,0.017360847004225098,11.115503281731346,-0.808284295391464
923,0.03112725896958391,12.336005812161838,-1.2124796447094441
924,0.028811301461615133,12.011014356890975,-1.3873251893717922
925,0.023313522283736066,12.23996723093832,-1.3036453185002383
926,0.016045035647069085,10.10553113071986,0.18363820127164837
927,0.025271523213877725,12.085299755627481,-1.2808339795945005
928,0.018065632532260324,11.95498103353066,-1.5528953200281146
929,0.020323338234366113,11.592050678757946,-1.3091722034062836
930,0.008396370647588195,9.99400459072283,-0.5375097158057107
931,0.022527675235793045,12.333944770550843,-1.4696086202350158
932,0.02035853926578749,12.348487736856914,-1.5979208549433155
933,0.06807082380138654,12.653492489630324,-1.4305219809653722
934,0.007664989296529436,9.974018626171002,-0.5676464646918823
935,0.014809848204784716,9.929000379188714,0.4897467757670505
936,0.12245165136189348,13.022997870614127,-1.3714022822459995
937,0.04858393779763602,12.583985285658024,-1.3300147777664524
938,0.021092404119371626,12.214792322645977,-1.2889651070828916
939,0.02382874964976814,12.011045518045606,-1.0350758692410889
940,0.007587731321593953,10.952028079125903,-1.2969315023356285
941,0.1408068953471847,13.049511282557269,-1.371250530567049
942,0.009615320864652398,9.393986615629252,-0.050106527115077584
943,0.019988250558404308,11.942013079372686,-1.1166143256478929
944,0.024496624400741636,12.4100073054469,-1.39234154992544
945,0.04239447288873344,12.562003440614081,-1.3825235372736582
946,0.01590013691453611,10.703009480322514,-0.5497960246686147
947,0.0266511873687197,12.13159286369812,-1.1352120383359119
948,0.020786246180303263,12.015507102814148,-1.3232106930901844
949,0.022838296506999957,12.295917130286787,-1.160583970261095
950,0.03265785748900207,12.214569866574433,-1.3194571871423757
951,0.02158234020679295,12.008999993977376,-1.1886895147804255
952,0.022178711558672425,12.24099516316841,-1.3910246681611982
953,0.0099336508479776,10.693986226957929,-1.1199079026371228
954,0.018243598911133915,11.805787244777525,-1.231428165791904
955,0.01396511597014407,11.278003552692592,-1.08090475882527
956,0.0313406016216537,12.446039108819956,-1.2989743566512855
957,0.020292896379654313,12.107011649584813,-1.4063908111606418
958,0.012652083291238085,10.066947145068909,0.11373923764270957
959,0.04886863773684072,12.426005201282488,-1.6036182423827694
960,0.025975419186351444,12.173027755124036,-1.216952207708537
961,0.12209753160581399,13.030907442668592,-1.2725227743574958
962,0.009878503712665618,11.279493626376482,-1.0778915179772777
963,0.011240646318974788,10.66103405077132,-0.7642121244139501
964,0.03215483548155837,12.201965797922377,-1.4763105535698933
965,0.015103052602906479,12.366439088647493,-1.575130670487102
966,3.870010730391164,13.715999911464875,-1.4792199251254863
967,0.01917173994476136,11.260002819374783,-1.2302743374189844
968,0.023946213621247513,12.091999044714758,-1.5539943942250767
969,0.011338016847349482,10.746994339670024,-0.7414317009727993
970,0.009591166221663268,11.108996788918772,-1.2695788999790771
971,0.07483726832669638,13.040908365807574,-1.4683194489823357
972,0.008178880864040828,9.943017755138834,-0.34645764435152115
973,0.13771751189858583,13.019981001876541,-1.4082260682626782
974,0.0145689958403886,12.149497670637437,-1.4605009577960966
975,0.019219062529973754,12.409902630723689,-1.3970569998604092
976,0.01614213341010032,10.067000751865589,0.26177096616147544
977,0.027487147013366964,12.031514390743268,-1.4284110787120239
978,0.05845677606679368,12.524986281947214,-1.3895596485173876
979,0.00906343406264803,11.96098331248089,-1.4482826951888148
980,0.02748564490485015,12.166931162743868,-1.353004258028233
981,0.0303763204813962,12.448459242447449,-1.2831942367937628
982,0.032015741685479396,12.430282376888307,-1.5925851388213135
983,0.019398432606696166,11.919860540322757,-1.2297659117417348
